{"w1": [[-1.88731041456547, 0.06984534519203002, 1.4900598129148352, 0.40853529526836335, -0.36181363570579916, -0.16219823680585888], [0.9049434386009079, 0.026425885934402565, 0.5786567893082881, -1.3714927021860286, -0.33047318048156105, 0.432597976631653], [-1.1140867617559436, -2.0157655615619845, 0.6092734590820753, -0.3538844855043308, -2.241079971003793, 0.8974251585982901]], "w2": [[1.387976524699196], [-1.0255740705173706], [0.7375085083453878], [1.2844278431729494], [0.02761455963313291], [-1.5385612435951384]]}